datetime,city,pm25_value,pm25_unit,pm25_locations
2025-11-18 13:00:00+00:00,Peshawar,305.25,µg/m³,4
2025-11-18 14:00:00+00:00,Peshawar,274.875,µg/m³,4
2025-11-18 15:00:00+00:00,Peshawar,303.18,µg/m³,5
2025-11-18 16:00:00+00:00,Peshawar,310.3333333333333,µg/m³,3
2025-11-18 17:00:00+00:00,Peshawar,298.675,µg/m³,4
2025-11-18 18:00:00+00:00,Peshawar,323.0,µg/m³,4
2025-11-18 19:00:00+00:00,Peshawar,261.025,µg/m³,4
2025-11-18 20:00:00+00:00,Peshawar,215.125,µg/m³,4
2025-11-18 21:00:00+00:00,Peshawar,234.95999999999998,µg/m³,5
2025-11-18 22:00:00+00:00,Peshawar,165.35,µg/m³,4
2025-11-18 23:00:00+00:00,Peshawar,184.35,µg/m³,4
2025-11-19 00:00:00+00:00,Peshawar,160.53333333333333,µg/m³,3
2025-11-19 01:00:00+00:00,Peshawar,165.775,µg/m³,4
2025-11-19 02:00:00+00:00,Peshawar,159.93333333333334,µg/m³,3
2025-11-19 03:00:00+00:00,Peshawar,231.70000000000002,µg/m³,3
2025-11-19 04:00:00+00:00,Peshawar,243.29999999999998,µg/m³,3
2025-11-19 05:00:00+00:00,Peshawar,240.86666666666667,µg/m³,3
2025-11-19 06:00:00+00:00,Peshawar,256.2,µg/m³,3
2025-11-19 07:00:00+00:00,Peshawar,192.76666666666665,µg/m³,3
2025-11-19 08:00:00+00:00,Peshawar,229.775,µg/m³,4
2025-11-19 09:00:00+00:00,Peshawar,204.86666666666667,µg/m³,3
2025-11-19 10:00:00+00:00,Peshawar,220.75,µg/m³,4
2025-11-19 11:00:00+00:00,Peshawar,219.36666666666667,µg/m³,3
2025-11-19 12:00:00+00:00,Peshawar,264.1333333333333,µg/m³,3
2025-11-19 13:00:00+00:00,Peshawar,306.1333333333333,µg/m³,3
2025-11-19 14:00:00+00:00,Peshawar,324.1,µg/m³,4
2025-11-19 15:00:00+00:00,Peshawar,413.6666666666667,µg/m³,3
2025-11-19 16:00:00+00:00,Peshawar,451.5,µg/m³,2
2025-11-19 17:00:00+00:00,Peshawar,385.4666666666667,µg/m³,3
2025-11-19 18:00:00+00:00,Peshawar,278.85,µg/m³,2
2025-11-19 19:00:00+00:00,Peshawar,268.6,µg/m³,4
2025-11-19 20:00:00+00:00,Peshawar,224.15,µg/m³,4
2025-11-19 21:00:00+00:00,Peshawar,223.925,µg/m³,4
2025-11-19 22:00:00+00:00,Peshawar,198.33333333333334,µg/m³,3
2025-11-19 23:00:00+00:00,Peshawar,175.1,µg/m³,2
2025-11-20 00:00:00+00:00,Peshawar,149.525,µg/m³,4
2025-11-20 01:00:00+00:00,Peshawar,153.75,µg/m³,4
2025-11-20 02:00:00+00:00,Peshawar,217.25,µg/m³,4
2025-11-20 03:00:00+00:00,Peshawar,252.0666666666667,µg/m³,3
2025-11-20 04:00:00+00:00,Peshawar,273.2,µg/m³,2
2025-11-20 05:00:00+00:00,Peshawar,219.66666666666666,µg/m³,3
2025-11-20 06:00:00+00:00,Peshawar,191.73333333333335,µg/m³,3
2025-11-20 07:00:00+00:00,Peshawar,196.63333333333333,µg/m³,3
2025-11-20 08:00:00+00:00,Peshawar,266.5,µg/m³,2
2025-11-20 09:00:00+00:00,Peshawar,181.73333333333335,µg/m³,3
2025-11-20 10:00:00+00:00,Peshawar,163.83333333333334,µg/m³,3
2025-11-20 11:00:00+00:00,Peshawar,175.63333333333333,µg/m³,3
2025-11-20 12:00:00+00:00,Peshawar,217.46666666666667,µg/m³,3
2025-11-20 13:00:00+00:00,Peshawar,273.06666666666666,µg/m³,3
2025-11-20 14:00:00+00:00,Peshawar,323.59999999999997,µg/m³,3
2025-11-20 15:00:00+00:00,Peshawar,197.9,µg/m³,1
2025-11-20 16:00:00+00:00,Peshawar,355.0,µg/m³,1
2025-11-20 17:00:00+00:00,Peshawar,288.3,µg/m³,2
2025-11-20 18:00:00+00:00,Peshawar,323.4,µg/m³,4
2025-11-20 19:00:00+00:00,Peshawar,304.76666666666665,µg/m³,3
2025-11-20 20:00:00+00:00,Peshawar,306.6666666666667,µg/m³,3
2025-11-20 21:00:00+00:00,Peshawar,262.275,µg/m³,4
2025-11-20 22:00:00+00:00,Peshawar,145.375,µg/m³,4
2025-11-20 23:00:00+00:00,Peshawar,178.3,µg/m³,2
2025-11-21 00:00:00+00:00,Peshawar,206.0,µg/m³,2
2025-11-21 01:00:00+00:00,Peshawar,196.0,µg/m³,3
2025-11-21 02:00:00+00:00,Peshawar,217.0,µg/m³,2
2025-11-21 03:00:00+00:00,Peshawar,201.3,µg/m³,4
2025-11-21 04:00:00+00:00,Peshawar,221.0,µg/m³,3
2025-11-21 05:00:00+00:00,Peshawar,205.86666666666667,µg/m³,3
2025-11-21 06:00:00+00:00,Peshawar,188.66666666666666,µg/m³,3
2025-11-21 07:00:00+00:00,Peshawar,240.0,µg/m³,1
2025-11-21 08:00:00+00:00,Peshawar,193.79999999999998,µg/m³,3
2025-11-21 09:00:00+00:00,Peshawar,138.55,µg/m³,2
2025-11-21 10:00:00+00:00,Peshawar,163.5,µg/m³,3
2025-11-21 11:00:00+00:00,Peshawar,166.66666666666666,µg/m³,3
2025-11-21 12:00:00+00:00,Peshawar,180.45,µg/m³,2
2025-11-21 13:00:00+00:00,Peshawar,224.03333333333333,µg/m³,3
2025-11-21 14:00:00+00:00,Peshawar,250.4,µg/m³,2
2025-11-21 15:00:00+00:00,Peshawar,214.8,µg/m³,2
2025-11-21 16:00:00+00:00,Peshawar,402.0,µg/m³,1
2025-11-21 17:00:00+00:00,Peshawar,196.05,µg/m³,2
2025-11-21 18:00:00+00:00,Peshawar,206.9333333333333,µg/m³,3
2025-11-21 19:00:00+00:00,Peshawar,234.45,µg/m³,4
2025-11-21 20:00:00+00:00,Peshawar,171.96666666666667,µg/m³,3
2025-11-21 21:00:00+00:00,Peshawar,150.95,µg/m³,4
2025-11-21 22:00:00+00:00,Peshawar,163.83333333333334,µg/m³,3
2025-11-21 23:00:00+00:00,Peshawar,166.725,µg/m³,4
2025-11-22 00:00:00+00:00,Peshawar,160.725,µg/m³,4
2025-11-22 01:00:00+00:00,Peshawar,176.075,µg/m³,4
2025-11-22 02:00:00+00:00,Peshawar,224.20000000000002,µg/m³,3
2025-11-22 03:00:00+00:00,Peshawar,285.0,µg/m³,3
2025-11-22 04:00:00+00:00,Peshawar,173.6,µg/m³,2
2025-11-22 05:00:00+00:00,Peshawar,170.675,µg/m³,4
2025-11-22 06:00:00+00:00,Peshawar,172.74,µg/m³,5
2025-11-22 07:00:00+00:00,Peshawar,147.7,µg/m³,5
2025-11-22 08:00:00+00:00,Peshawar,145.38,µg/m³,5
2025-11-22 09:00:00+00:00,Peshawar,75.23333333333333,µg/m³,3
2025-11-22 10:00:00+00:00,Peshawar,95.6,µg/m³,4
2025-11-22 11:00:00+00:00,Peshawar,114.325,µg/m³,4
2025-11-22 12:00:00+00:00,Peshawar,182.66666666666666,µg/m³,3
2025-11-22 13:00:00+00:00,Peshawar,213.6,µg/m³,4
2025-11-22 14:00:00+00:00,Peshawar,239.1,µg/m³,3
2025-11-22 15:00:00+00:00,Peshawar,217.13333333333333,µg/m³,3
2025-11-22 16:00:00+00:00,Peshawar,225.5,µg/m³,2
2025-11-22 17:00:00+00:00,Peshawar,191.79999999999998,µg/m³,3
2025-11-22 18:00:00+00:00,Peshawar,214.04000000000002,µg/m³,5
2025-11-22 19:00:00+00:00,Peshawar,195.56,µg/m³,5
2025-11-22 20:00:00+00:00,Peshawar,153.825,µg/m³,4
2025-11-22 21:00:00+00:00,Peshawar,144.02,µg/m³,5
2025-11-22 22:00:00+00:00,Peshawar,173.57999999999998,µg/m³,5
2025-11-22 23:00:00+00:00,Peshawar,180.0,µg/m³,3
2025-11-23 00:00:00+00:00,Peshawar,167.52,µg/m³,5
2025-11-23 01:00:00+00:00,Peshawar,167.62,µg/m³,5
2025-11-23 02:00:00+00:00,Peshawar,179.85999999999999,µg/m³,5
2025-11-23 03:00:00+00:00,Peshawar,188.29999999999998,µg/m³,3
2025-11-23 04:00:00+00:00,Peshawar,194.4333333333333,µg/m³,3
2025-11-23 05:00:00+00:00,Peshawar,184.03333333333333,µg/m³,3
2025-11-23 06:00:00+00:00,Peshawar,164.13333333333333,µg/m³,3
2025-11-23 07:00:00+00:00,Peshawar,170.28,µg/m³,5
2025-11-23 08:00:00+00:00,Peshawar,167.76,µg/m³,5
2025-11-23 09:00:00+00:00,Peshawar,161.1,µg/m³,5
2025-11-23 10:00:00+00:00,Peshawar,164.925,µg/m³,4
2025-11-23 11:00:00+00:00,Peshawar,225.34,µg/m³,5
2025-11-23 12:00:00+00:00,Peshawar,288.6666666666667,µg/m³,3
2025-11-23 13:00:00+00:00,Peshawar,309.75,µg/m³,4
2025-11-23 14:00:00+00:00,Peshawar,323.52,µg/m³,5
2025-11-23 15:00:00+00:00,Peshawar,260.1,µg/m³,2
2025-11-23 16:00:00+00:00,Peshawar,413.0,µg/m³,2
2025-11-23 17:00:00+00:00,Peshawar,313.46666666666664,µg/m³,3
2025-11-23 18:00:00+00:00,Peshawar,233.78000000000003,µg/m³,5
2025-11-23 19:00:00+00:00,Peshawar,176.88,µg/m³,5
2025-11-23 20:00:00+00:00,Peshawar,152.975,µg/m³,4
2025-11-23 21:00:00+00:00,Peshawar,172.24,µg/m³,5
2025-11-23 22:00:00+00:00,Peshawar,141.12,µg/m³,5
2025-11-23 23:00:00+00:00,Peshawar,183.25,µg/m³,4
2025-11-24 00:00:00+00:00,Peshawar,180.35999999999999,µg/m³,5
2025-11-24 01:00:00+00:00,Peshawar,210.3,µg/m³,5
2025-11-24 02:00:00+00:00,Peshawar,177.53333333333333,µg/m³,3
2025-11-24 03:00:00+00:00,Peshawar,259.59999999999997,µg/m³,3
2025-11-24 04:00:00+00:00,Peshawar,249.9,µg/m³,3
2025-11-24 05:00:00+00:00,Peshawar,214.16666666666666,µg/m³,3
2025-11-24 06:00:00+00:00,Peshawar,216.66666666666666,µg/m³,3
2025-11-24 07:00:00+00:00,Peshawar,166.93333333333334,µg/m³,3
2025-11-24 08:00:00+00:00,Peshawar,128.35,µg/m³,2
2025-11-24 09:00:00+00:00,Peshawar,134.33333333333334,µg/m³,3
2025-11-24 10:00:00+00:00,Peshawar,135.73333333333332,µg/m³,3
2025-11-24 11:00:00+00:00,Peshawar,162.1,µg/m³,3
2025-11-24 12:00:00+00:00,Peshawar,212.26666666666665,µg/m³,3
2025-11-24 13:00:00+00:00,Peshawar,210.55,µg/m³,2
2025-11-24 14:00:00+00:00,Peshawar,290.93333333333334,µg/m³,3
2025-11-24 15:00:00+00:00,Peshawar,284.6333333333333,µg/m³,3
2025-11-24 16:00:00+00:00,Peshawar,372.0,µg/m³,2
2025-11-24 17:00:00+00:00,Peshawar,267.0,µg/m³,2
2025-11-24 18:00:00+00:00,Peshawar,185.9,µg/m³,5
2025-11-24 19:00:00+00:00,Peshawar,160.18,µg/m³,5
2025-11-24 20:00:00+00:00,Peshawar,145.15,µg/m³,4
2025-11-24 21:00:00+00:00,Peshawar,146.12,µg/m³,5
2025-11-24 22:00:00+00:00,Peshawar,142.35999999999999,µg/m³,5
2025-11-24 23:00:00+00:00,Peshawar,212.0,µg/m³,4
2025-11-25 00:00:00+00:00,Peshawar,214.06,µg/m³,5
2025-11-25 01:00:00+00:00,Peshawar,208.24,µg/m³,5
2025-11-25 02:00:00+00:00,Peshawar,155.76666666666668,µg/m³,3
2025-11-25 03:00:00+00:00,Peshawar,211.73333333333335,µg/m³,3
2025-11-25 04:00:00+00:00,Peshawar,215.6,µg/m³,3
2025-11-25 05:00:00+00:00,Peshawar,156.6,µg/m³,3
2025-11-25 06:00:00+00:00,Peshawar,115.13333333333333,µg/m³,3
2025-11-25 07:00:00+00:00,Peshawar,125.02000000000001,µg/m³,5
2025-11-25 08:00:00+00:00,Peshawar,122.95,µg/m³,4
2025-11-25 09:00:00+00:00,Peshawar,130.02,µg/m³,5
2025-11-25 10:00:00+00:00,Peshawar,128.98,µg/m³,5
2025-11-25 11:00:00+00:00,Peshawar,136.9,µg/m³,5
2025-11-25 12:00:00+00:00,Peshawar,181.72,µg/m³,5
2025-11-25 13:00:00+00:00,Peshawar,219.075,µg/m³,4
2025-11-25 14:00:00+00:00,Peshawar,244.5,µg/m³,4
2025-11-25 15:00:00+00:00,Peshawar,257.75,µg/m³,4
2025-11-25 16:00:00+00:00,Peshawar,300.75,µg/m³,4
2025-11-25 17:00:00+00:00,Peshawar,317.5,µg/m³,2
2025-11-25 18:00:00+00:00,Peshawar,277.0,µg/m³,2
2025-11-25 19:00:00+00:00,Peshawar,220.66666666666666,µg/m³,3
2025-11-25 20:00:00+00:00,Peshawar,201.0,µg/m³,3
2025-11-25 21:00:00+00:00,Peshawar,254.25,µg/m³,4
2025-11-25 22:00:00+00:00,Peshawar,205.51999999999998,µg/m³,5
2025-11-25 23:00:00+00:00,Peshawar,200.75,µg/m³,4
2025-11-26 00:00:00+00:00,Peshawar,152.275,µg/m³,4
2025-11-26 01:00:00+00:00,Peshawar,169.32,µg/m³,5
2025-11-26 02:00:00+00:00,Peshawar,180.14000000000001,µg/m³,5
2025-11-26 03:00:00+00:00,Peshawar,195.1,µg/m³,5
2025-11-26 04:00:00+00:00,Peshawar,222.38000000000002,µg/m³,5
2025-11-26 05:00:00+00:00,Peshawar,202.53333333333333,µg/m³,3
2025-11-26 06:00:00+00:00,Peshawar,183.23333333333335,µg/m³,3
2025-11-26 07:00:00+00:00,Peshawar,228.5,µg/m³,4
2025-11-26 08:00:00+00:00,Peshawar,166.85,µg/m³,4
2025-11-26 09:00:00+00:00,Peshawar,169.025,µg/m³,4
2025-11-26 10:00:00+00:00,Peshawar,173.95,µg/m³,4
2025-11-26 11:00:00+00:00,Peshawar,194.525,µg/m³,4
2025-11-26 12:00:00+00:00,Peshawar,235.775,µg/m³,4
2025-11-26 13:00:00+00:00,Peshawar,310.0,µg/m³,3
2025-11-26 14:00:00+00:00,Peshawar,272.5,µg/m³,2
2025-11-26 15:00:00+00:00,Peshawar,307.0,µg/m³,3
2025-11-26 16:00:00+00:00,Peshawar,304.5,µg/m³,2
2025-11-26 17:00:00+00:00,Peshawar,287.03333333333336,µg/m³,3
2025-11-26 18:00:00+00:00,Peshawar,203.725,µg/m³,4
2025-11-26 19:00:00+00:00,Peshawar,207.575,µg/m³,4
2025-11-26 20:00:00+00:00,Peshawar,199.425,µg/m³,4
2025-11-26 21:00:00+00:00,Peshawar,186.575,µg/m³,4
2025-11-26 22:00:00+00:00,Peshawar,190.4,µg/m³,4
2025-11-26 23:00:00+00:00,Peshawar,194.33333333333334,µg/m³,3
2025-11-27 00:00:00+00:00,Peshawar,182.875,µg/m³,4
2025-11-27 01:00:00+00:00,Peshawar,204.175,µg/m³,4
2025-11-27 02:00:00+00:00,Peshawar,224.13333333333333,µg/m³,3
2025-11-27 03:00:00+00:00,Peshawar,229.0666666666667,µg/m³,3
2025-11-27 04:00:00+00:00,Peshawar,232.9,µg/m³,2
2025-11-27 05:00:00+00:00,Peshawar,224.79999999999998,µg/m³,3
2025-11-27 06:00:00+00:00,Peshawar,195.9,µg/m³,3
2025-11-27 07:00:00+00:00,Peshawar,140.0,µg/m³,3
2025-11-27 08:00:00+00:00,Peshawar,144.66666666666666,µg/m³,3
2025-11-27 09:00:00+00:00,Peshawar,162.33333333333334,µg/m³,3
2025-11-27 10:00:00+00:00,Peshawar,172.85,µg/m³,4
2025-11-27 11:00:00+00:00,Peshawar,209.7,µg/m³,4
2025-11-27 12:00:00+00:00,Peshawar,192.0,µg/m³,1
2025-11-27 13:00:00+00:00,Peshawar,284.06666666666666,µg/m³,3
2025-11-27 14:00:00+00:00,Peshawar,264.7,µg/m³,2
2025-11-27 15:00:00+00:00,Peshawar,396.0,µg/m³,1
2025-11-27 17:00:00+00:00,Peshawar,256.9,µg/m³,2
2025-11-27 18:00:00+00:00,Peshawar,277.05,µg/m³,2
2025-11-27 19:00:00+00:00,Peshawar,225.26666666666665,µg/m³,3
2025-11-27 20:00:00+00:00,Peshawar,196.5666666666667,µg/m³,3
2025-11-27 21:00:00+00:00,Peshawar,179.79999999999998,µg/m³,3
2025-11-27 22:00:00+00:00,Peshawar,177.0,µg/m³,2
2025-11-27 23:00:00+00:00,Peshawar,182.0,µg/m³,2
2025-11-28 00:00:00+00:00,Peshawar,164.06666666666666,µg/m³,3
2025-11-28 01:00:00+00:00,Peshawar,157.0,µg/m³,2
2025-11-28 02:00:00+00:00,Peshawar,132.7,µg/m³,2
2025-11-28 03:00:00+00:00,Peshawar,206.55,µg/m³,2
2025-11-28 04:00:00+00:00,Peshawar,203.9,µg/m³,2
2025-11-28 05:00:00+00:00,Peshawar,187.4,µg/m³,2
2025-11-28 06:00:00+00:00,Peshawar,158.6,µg/m³,3
2025-11-28 07:00:00+00:00,Peshawar,133.33333333333334,µg/m³,3
2025-11-28 08:00:00+00:00,Peshawar,129.33333333333334,µg/m³,3
2025-11-28 09:00:00+00:00,Peshawar,151.26666666666668,µg/m³,3
2025-11-28 10:00:00+00:00,Peshawar,150.93333333333334,µg/m³,3
2025-11-28 11:00:00+00:00,Peshawar,176.5666666666667,µg/m³,3
2025-11-28 12:00:00+00:00,Peshawar,208.8,µg/m³,2
2025-11-28 13:00:00+00:00,Peshawar,244.1,µg/m³,3
2025-11-28 14:00:00+00:00,Peshawar,392.95,µg/m³,2
2025-11-28 15:00:00+00:00,Peshawar,346.85,µg/m³,2
2025-11-28 16:00:00+00:00,Peshawar,126.1,µg/m³,1
2025-11-28 17:00:00+00:00,Peshawar,192.95,µg/m³,2
2025-11-28 18:00:00+00:00,Peshawar,151.36666666666667,µg/m³,3
2025-11-28 19:00:00+00:00,Peshawar,150.03333333333333,µg/m³,3
2025-11-28 20:00:00+00:00,Peshawar,161.29999999999998,µg/m³,3
2025-11-28 21:00:00+00:00,Peshawar,171.0666666666667,µg/m³,3
2025-11-28 22:00:00+00:00,Peshawar,154.96666666666667,µg/m³,3
2025-11-28 23:00:00+00:00,Peshawar,152.06666666666666,µg/m³,3
2025-11-29 00:00:00+00:00,Peshawar,125.56666666666666,µg/m³,3
2025-11-29 01:00:00+00:00,Peshawar,107.06666666666666,µg/m³,3
2025-11-29 02:00:00+00:00,Peshawar,123.25,µg/m³,2
2025-11-29 03:00:00+00:00,Peshawar,202.0,µg/m³,1
2025-11-29 04:00:00+00:00,Peshawar,226.0,µg/m³,1
2025-11-29 05:00:00+00:00,Peshawar,198.0,µg/m³,1
2025-11-29 06:00:00+00:00,Peshawar,206.0,µg/m³,1
2025-11-29 07:00:00+00:00,Peshawar,184.525,µg/m³,4
2025-11-29 08:00:00+00:00,Peshawar,171.55,µg/m³,4
2025-11-29 09:00:00+00:00,Peshawar,132.125,µg/m³,4
2025-11-29 10:00:00+00:00,Peshawar,125.93333333333334,µg/m³,3
2025-11-29 11:00:00+00:00,Peshawar,143.3,µg/m³,4
2025-11-29 12:00:00+00:00,Peshawar,178.95,µg/m³,4
2025-11-29 13:00:00+00:00,Peshawar,254.7,µg/m³,4
2025-11-29 14:00:00+00:00,Peshawar,290.85,µg/m³,4
2025-11-29 15:00:00+00:00,Peshawar,259.15,µg/m³,4
2025-11-29 16:00:00+00:00,Peshawar,279.225,µg/m³,4
2025-11-29 17:00:00+00:00,Peshawar,301.6,µg/m³,4
2025-11-29 18:00:00+00:00,Peshawar,280.475,µg/m³,4
2025-11-29 19:00:00+00:00,Peshawar,264.3,µg/m³,4
2025-11-29 20:00:00+00:00,Peshawar,249.75,µg/m³,4
2025-11-29 21:00:00+00:00,Peshawar,226.3,µg/m³,4
2025-11-29 22:00:00+00:00,Peshawar,131.5,µg/m³,2
2025-11-29 23:00:00+00:00,Peshawar,117.0,µg/m³,2
2025-11-30 00:00:00+00:00,Peshawar,116.0,µg/m³,2
2025-11-30 01:00:00+00:00,Peshawar,107.0,µg/m³,2
2025-11-30 02:00:00+00:00,Peshawar,154.8,µg/m³,2
2025-11-30 03:00:00+00:00,Peshawar,192.95,µg/m³,2
2025-11-30 04:00:00+00:00,Peshawar,228.9,µg/m³,2
2025-11-30 05:00:00+00:00,Peshawar,222.45,µg/m³,2
2025-11-30 06:00:00+00:00,Peshawar,195.4,µg/m³,4
2025-11-30 07:00:00+00:00,Peshawar,192.66666666666666,µg/m³,3
2025-11-30 08:00:00+00:00,Peshawar,167.0,µg/m³,3
2025-11-30 09:00:00+00:00,Peshawar,135.075,µg/m³,4
2025-11-30 10:00:00+00:00,Peshawar,120.675,µg/m³,4
2025-11-30 11:00:00+00:00,Peshawar,163.55,µg/m³,4
2025-11-30 12:00:00+00:00,Peshawar,234.66666666666666,µg/m³,3
2025-11-30 13:00:00+00:00,Peshawar,275.05,µg/m³,4
2025-11-30 14:00:00+00:00,Peshawar,264.45,µg/m³,2
2025-11-30 15:00:00+00:00,Peshawar,322.0,µg/m³,1
2025-11-30 16:00:00+00:00,Peshawar,291.0,µg/m³,1
2025-11-30 17:00:00+00:00,Peshawar,280.6,µg/m³,2
2025-11-30 18:00:00+00:00,Peshawar,296.775,µg/m³,4
2025-11-30 19:00:00+00:00,Peshawar,289.875,µg/m³,4
2025-11-30 20:00:00+00:00,Peshawar,261.9,µg/m³,4
2025-11-30 21:00:00+00:00,Peshawar,249.55,µg/m³,4
2025-11-30 22:00:00+00:00,Peshawar,231.075,µg/m³,4
2025-11-30 23:00:00+00:00,Peshawar,281.0,µg/m³,2
2025-12-01 00:00:00+00:00,Peshawar,236.1,µg/m³,3
2025-12-01 01:00:00+00:00,Peshawar,214.875,µg/m³,4
2025-12-01 02:00:00+00:00,Peshawar,199.1,µg/m³,4
2025-12-01 03:00:00+00:00,Peshawar,196.8,µg/m³,2
2025-12-01 04:00:00+00:00,Peshawar,199.9,µg/m³,2
2025-12-01 05:00:00+00:00,Peshawar,170.5,µg/m³,2
2025-12-01 06:00:00+00:00,Peshawar,190.45,µg/m³,4
2025-12-01 07:00:00+00:00,Peshawar,135.0,µg/m³,2
2025-12-01 08:00:00+00:00,Peshawar,155.0,µg/m³,3
2025-12-01 09:00:00+00:00,Peshawar,174.33333333333334,µg/m³,3
2025-12-01 10:00:00+00:00,Peshawar,146.0,µg/m³,2
2025-12-01 11:00:00+00:00,Peshawar,193.65,µg/m³,4
2025-12-01 12:00:00+00:00,Peshawar,268.3,µg/m³,4
2025-12-01 13:00:00+00:00,Peshawar,255.16666666666666,µg/m³,3
2025-12-01 14:00:00+00:00,Peshawar,339.59999999999997,µg/m³,3
2025-12-01 15:00:00+00:00,Peshawar,294.1,µg/m³,1
2025-12-01 16:00:00+00:00,Peshawar,320.0,µg/m³,1
2025-12-01 17:00:00+00:00,Peshawar,307.525,µg/m³,4
2025-12-01 18:00:00+00:00,Peshawar,250.475,µg/m³,4
2025-12-01 19:00:00+00:00,Peshawar,278.1,µg/m³,4
2025-12-01 20:00:00+00:00,Peshawar,247.0,µg/m³,3
2025-12-01 21:00:00+00:00,Peshawar,236.05,µg/m³,4
2025-12-01 22:00:00+00:00,Peshawar,245.53333333333333,µg/m³,3
2025-12-01 23:00:00+00:00,Peshawar,233.7,µg/m³,4
2025-12-02 00:00:00+00:00,Peshawar,210.2,µg/m³,4
2025-12-02 01:00:00+00:00,Peshawar,198.925,µg/m³,4
2025-12-02 02:00:00+00:00,Peshawar,199.9,µg/m³,2
2025-12-02 03:00:00+00:00,Peshawar,203.15,µg/m³,2
2025-12-02 04:00:00+00:00,Peshawar,222.75,µg/m³,2
2025-12-02 05:00:00+00:00,Peshawar,212.6,µg/m³,2
2025-12-02 06:00:00+00:00,Peshawar,190.96666666666667,µg/m³,3
2025-12-02 07:00:00+00:00,Peshawar,144.1,µg/m³,2
2025-12-02 08:00:00+00:00,Peshawar,138.43333333333334,µg/m³,3
2025-12-02 09:00:00+00:00,Peshawar,180.7,µg/m³,4
2025-12-02 10:00:00+00:00,Peshawar,181.95,µg/m³,4
2025-12-02 11:00:00+00:00,Peshawar,222.35,µg/m³,4
2025-12-02 12:00:00+00:00,Peshawar,278.6666666666667,µg/m³,3
2025-12-02 13:00:00+00:00,Peshawar,340.275,µg/m³,4
2025-12-02 14:00:00+00:00,Peshawar,326.3,µg/m³,2
2025-12-02 15:00:00+00:00,Peshawar,328.5,µg/m³,2
2025-12-02 16:00:00+00:00,Peshawar,397.0,µg/m³,1
2025-12-02 17:00:00+00:00,Peshawar,376.0,µg/m³,1
2025-12-02 18:00:00+00:00,Peshawar,273.975,µg/m³,4
2025-12-02 19:00:00+00:00,Peshawar,254.575,µg/m³,4
2025-12-02 20:00:00+00:00,Peshawar,214.75,µg/m³,4
2025-12-02 21:00:00+00:00,Peshawar,244.15,µg/m³,4
2025-12-02 22:00:00+00:00,Peshawar,227.625,µg/m³,4
2025-12-02 23:00:00+00:00,Peshawar,217.33333333333334,µg/m³,3
2025-12-03 00:00:00+00:00,Peshawar,214.25,µg/m³,4
2025-12-03 01:00:00+00:00,Peshawar,215.7,µg/m³,4
2025-12-03 02:00:00+00:00,Peshawar,186.6,µg/m³,2
2025-12-03 03:00:00+00:00,Peshawar,174.55,µg/m³,2
2025-12-03 04:00:00+00:00,Peshawar,242.0,µg/m³,1
2025-12-03 05:00:00+00:00,Peshawar,210.0,µg/m³,1
2025-12-03 06:00:00+00:00,Peshawar,140.0,µg/m³,1
2025-12-03 07:00:00+00:00,Peshawar,153.33333333333334,µg/m³,3
2025-12-03 08:00:00+00:00,Peshawar,143.95,µg/m³,4
2025-12-03 09:00:00+00:00,Peshawar,139.775,µg/m³,4
2025-12-03 10:00:00+00:00,Peshawar,109.39999999999999,µg/m³,3
2025-12-03 11:00:00+00:00,Peshawar,185.0,µg/m³,4
2025-12-03 12:00:00+00:00,Peshawar,246.9,µg/m³,4
2025-12-03 13:00:00+00:00,Peshawar,250.26666666666665,µg/m³,3
2025-12-03 14:00:00+00:00,Peshawar,273.75,µg/m³,2
2025-12-03 15:00:00+00:00,Peshawar,302.85,µg/m³,2
2025-12-03 16:00:00+00:00,Peshawar,327.15,µg/m³,2
2025-12-03 17:00:00+00:00,Peshawar,258.5,µg/m³,2
2025-12-03 18:00:00+00:00,Peshawar,199.1,µg/m³,2
2025-12-03 19:00:00+00:00,Peshawar,192.625,µg/m³,4
2025-12-03 20:00:00+00:00,Peshawar,166.1,µg/m³,4
2025-12-03 21:00:00+00:00,Peshawar,174.4,µg/m³,4
2025-12-03 22:00:00+00:00,Peshawar,208.275,µg/m³,4
2025-12-03 23:00:00+00:00,Peshawar,236.0,µg/m³,3
2025-12-04 00:00:00+00:00,Peshawar,221.33333333333334,µg/m³,3
2025-12-04 01:00:00+00:00,Peshawar,130.0,µg/m³,2
2025-12-04 02:00:00+00:00,Peshawar,243.925,µg/m³,4
2025-12-04 03:00:00+00:00,Peshawar,289.125,µg/m³,4
2025-12-04 04:00:00+00:00,Peshawar,206.0,µg/m³,2
2025-12-04 05:00:00+00:00,Peshawar,236.3,µg/m³,2
2025-12-04 06:00:00+00:00,Peshawar,210.6,µg/m³,2
2025-12-04 07:00:00+00:00,Peshawar,194.175,µg/m³,4
2025-12-04 08:00:00+00:00,Peshawar,182.525,µg/m³,4
2025-12-04 09:00:00+00:00,Peshawar,198.75,µg/m³,4
2025-12-04 10:00:00+00:00,Peshawar,223.16666666666666,µg/m³,3
2025-12-04 11:00:00+00:00,Peshawar,274.95,µg/m³,4
2025-12-04 12:00:00+00:00,Peshawar,307.75,µg/m³,4
2025-12-04 13:00:00+00:00,Peshawar,351.3,µg/m³,4
2025-12-04 14:00:00+00:00,Peshawar,419.0,µg/m³,2
2025-12-04 15:00:00+00:00,Peshawar,441.0,µg/m³,1
2025-12-04 16:00:00+00:00,Peshawar,387.45,µg/m³,2
2025-12-04 17:00:00+00:00,Peshawar,360.8,µg/m³,2
2025-12-04 18:00:00+00:00,Peshawar,336.45,µg/m³,2
2025-12-04 19:00:00+00:00,Peshawar,323.5,µg/m³,2
2025-12-04 20:00:00+00:00,Peshawar,349.875,µg/m³,4
2025-12-04 21:00:00+00:00,Peshawar,317.25,µg/m³,4
2025-12-04 22:00:00+00:00,Peshawar,282.35,µg/m³,4
2025-12-04 23:00:00+00:00,Peshawar,271.325,µg/m³,4
2025-12-05 00:00:00+00:00,Peshawar,235.625,µg/m³,4
2025-12-05 01:00:00+00:00,Peshawar,270.975,µg/m³,4
2025-12-05 02:00:00+00:00,Peshawar,253.65,µg/m³,2
2025-12-05 03:00:00+00:00,Peshawar,270.95,µg/m³,2
2025-12-05 04:00:00+00:00,Peshawar,292.4,µg/m³,2
2025-12-05 05:00:00+00:00,Peshawar,276.1,µg/m³,2
2025-12-05 06:00:00+00:00,Peshawar,233.4,µg/m³,2
2025-12-05 07:00:00+00:00,Peshawar,233.79999999999998,µg/m³,3
2025-12-05 08:00:00+00:00,Peshawar,211.5,µg/m³,3
2025-12-05 09:00:00+00:00,Peshawar,173.4,µg/m³,3
2025-12-05 10:00:00+00:00,Peshawar,169.56666666666666,µg/m³,3
2025-12-05 11:00:00+00:00,Peshawar,214.16666666666666,µg/m³,3
2025-12-05 12:00:00+00:00,Peshawar,251.0666666666667,µg/m³,3
2025-12-05 13:00:00+00:00,Peshawar,311.23333333333335,µg/m³,3
2025-12-05 14:00:00+00:00,Peshawar,325.8,µg/m³,2
2025-12-05 15:00:00+00:00,Peshawar,285.25,µg/m³,2
2025-12-05 16:00:00+00:00,Peshawar,282.0,µg/m³,1
2025-12-05 17:00:00+00:00,Peshawar,179.55,µg/m³,2
2025-12-05 18:00:00+00:00,Peshawar,139.03333333333333,µg/m³,3
2025-12-05 19:00:00+00:00,Peshawar,136.06666666666666,µg/m³,3
2025-12-05 20:00:00+00:00,Peshawar,166.86666666666667,µg/m³,3
2025-12-05 21:00:00+00:00,Peshawar,155.9,µg/m³,3
2025-12-05 22:00:00+00:00,Peshawar,148.4,µg/m³,3
2025-12-05 23:00:00+00:00,Peshawar,113.5,µg/m³,2
2025-12-06 00:00:00+00:00,Peshawar,101.0,µg/m³,2
2025-12-06 01:00:00+00:00,Peshawar,113.0,µg/m³,2
2025-12-06 02:00:00+00:00,Peshawar,121.89999999999999,µg/m³,3
2025-12-06 03:00:00+00:00,Peshawar,176.0,µg/m³,1
2025-12-06 04:00:00+00:00,Peshawar,215.15,µg/m³,2
2025-12-06 05:00:00+00:00,Peshawar,145.25,µg/m³,2
2025-12-06 06:00:00+00:00,Peshawar,83.9,µg/m³,1
2025-12-06 07:00:00+00:00,Peshawar,64.35,µg/m³,2
2025-12-06 08:00:00+00:00,Peshawar,60.2,µg/m³,2
2025-12-06 09:00:00+00:00,Peshawar,54.7,µg/m³,2
2025-12-06 10:00:00+00:00,Peshawar,48.2,µg/m³,2
2025-12-06 11:00:00+00:00,Peshawar,117.06666666666666,µg/m³,3
2025-12-06 12:00:00+00:00,Peshawar,151.66666666666666,µg/m³,3
2025-12-06 13:00:00+00:00,Peshawar,159.775,µg/m³,4
2025-12-06 14:00:00+00:00,Peshawar,184.05,µg/m³,2
2025-12-06 15:00:00+00:00,Peshawar,212.05,µg/m³,2
2025-12-06 16:00:00+00:00,Peshawar,177.0,µg/m³,1
2025-12-06 17:00:00+00:00,Peshawar,107.1,µg/m³,2
2025-12-06 18:00:00+00:00,Peshawar,112.4,µg/m³,2
2025-12-06 19:00:00+00:00,Peshawar,168.15,µg/m³,4
2025-12-06 20:00:00+00:00,Peshawar,161.225,µg/m³,4
2025-12-06 21:00:00+00:00,Peshawar,174.075,µg/m³,4
2025-12-06 22:00:00+00:00,Peshawar,197.4,µg/m³,3
2025-12-06 23:00:00+00:00,Peshawar,228.33333333333334,µg/m³,3
2025-12-07 00:00:00+00:00,Peshawar,225.825,µg/m³,4
2025-12-07 01:00:00+00:00,Peshawar,219.0,µg/m³,4
2025-12-07 02:00:00+00:00,Peshawar,233.9,µg/m³,4
2025-12-07 04:00:00+00:00,Peshawar,246.75,µg/m³,2
2025-12-07 05:00:00+00:00,Peshawar,204.8,µg/m³,2
2025-12-07 06:00:00+00:00,Peshawar,160.6,µg/m³,2
2025-12-07 07:00:00+00:00,Peshawar,170.79999999999998,µg/m³,3
2025-12-07 08:00:00+00:00,Peshawar,151.13333333333333,µg/m³,3
2025-12-07 09:00:00+00:00,Peshawar,118.03333333333335,µg/m³,3
2025-12-07 10:00:00+00:00,Peshawar,157.175,µg/m³,4
2025-12-07 11:00:00+00:00,Peshawar,166.8,µg/m³,4
2025-12-07 12:00:00+00:00,Peshawar,242.0,µg/m³,3
2025-12-07 13:00:00+00:00,Peshawar,274.625,µg/m³,4
2025-12-07 14:00:00+00:00,Peshawar,301.875,µg/m³,4
2025-12-07 15:00:00+00:00,Peshawar,309.85,µg/m³,4
2025-12-07 16:00:00+00:00,Peshawar,332.6666666666667,µg/m³,3
2025-12-07 17:00:00+00:00,Peshawar,335.25,µg/m³,4
2025-12-07 18:00:00+00:00,Peshawar,287.7,µg/m³,4
2025-12-07 19:00:00+00:00,Peshawar,275.075,µg/m³,4
2025-12-07 20:00:00+00:00,Peshawar,268.375,µg/m³,4
2025-12-07 21:00:00+00:00,Peshawar,200.4333333333333,µg/m³,3
2025-12-07 22:00:00+00:00,Peshawar,166.075,µg/m³,4
2025-12-07 23:00:00+00:00,Peshawar,195.66666666666666,µg/m³,3
2025-12-08 00:00:00+00:00,Peshawar,193.8,µg/m³,4
2025-12-08 01:00:00+00:00,Peshawar,203.35,µg/m³,4
2025-12-08 02:00:00+00:00,Peshawar,229.2,µg/m³,4
2025-12-08 03:00:00+00:00,Peshawar,177.5,µg/m³,1
2025-12-08 04:00:00+00:00,Peshawar,195.95,µg/m³,2
2025-12-08 05:00:00+00:00,Peshawar,170.3,µg/m³,2
2025-12-08 06:00:00+00:00,Peshawar,142.25,µg/m³,2
2025-12-08 07:00:00+00:00,Peshawar,123.85,µg/m³,2
2025-12-08 08:00:00+00:00,Peshawar,153.33333333333334,µg/m³,3
2025-12-08 09:00:00+00:00,Peshawar,142.775,µg/m³,4
2025-12-08 10:00:00+00:00,Peshawar,137.45,µg/m³,4
2025-12-08 11:00:00+00:00,Peshawar,185.35,µg/m³,4
2025-12-08 12:00:00+00:00,Peshawar,244.7,µg/m³,4
2025-12-08 13:00:00+00:00,Peshawar,280.825,µg/m³,4
2025-12-08 14:00:00+00:00,Peshawar,263.8,µg/m³,2
2025-12-08 15:00:00+00:00,Peshawar,296.0,µg/m³,1
2025-12-08 16:00:00+00:00,Peshawar,309.0,µg/m³,1
2025-12-08 17:00:00+00:00,Peshawar,267.35,µg/m³,2
2025-12-08 18:00:00+00:00,Peshawar,269.0,µg/m³,1
2025-12-08 19:00:00+00:00,Peshawar,253.525,µg/m³,4
2025-12-08 20:00:00+00:00,Peshawar,270.23333333333335,µg/m³,3
2025-12-08 21:00:00+00:00,Peshawar,185.70000000000002,µg/m³,3
2025-12-08 22:00:00+00:00,Peshawar,123.33333333333333,µg/m³,3
2025-12-08 23:00:00+00:00,Peshawar,99.0,µg/m³,2
2025-12-09 00:00:00+00:00,Peshawar,89.0,µg/m³,2
2025-12-09 01:00:00+00:00,Peshawar,121.66666666666667,µg/m³,3
2025-12-09 02:00:00+00:00,Peshawar,121.3,µg/m³,2
2025-12-09 03:00:00+00:00,Peshawar,160.4,µg/m³,2
2025-12-09 04:00:00+00:00,Peshawar,166.15,µg/m³,2
2025-12-09 05:00:00+00:00,Peshawar,149.25,µg/m³,2
2025-12-09 06:00:00+00:00,Peshawar,116.2,µg/m³,2
2025-12-09 07:00:00+00:00,Peshawar,189.0,µg/m³,3
2025-12-09 08:00:00+00:00,Peshawar,173.66666666666666,µg/m³,3
2025-12-09 09:00:00+00:00,Peshawar,94.1,µg/m³,4
2025-12-09 10:00:00+00:00,Peshawar,105.4,µg/m³,4
2025-12-09 11:00:00+00:00,Peshawar,128.4,µg/m³,4
2025-12-09 12:00:00+00:00,Peshawar,176.725,µg/m³,4
2025-12-09 13:00:00+00:00,Peshawar,215.3,µg/m³,4
2025-12-09 14:00:00+00:00,Peshawar,272.175,µg/m³,4
2025-12-09 15:00:00+00:00,Peshawar,232.75,µg/m³,2
2025-12-09 16:00:00+00:00,Peshawar,302.0,µg/m³,1
2025-12-09 17:00:00+00:00,Peshawar,271.55,µg/m³,2
2025-12-09 18:00:00+00:00,Peshawar,269.25,µg/m³,2
2025-12-09 19:00:00+00:00,Peshawar,270.0,µg/m³,4
2025-12-09 20:00:00+00:00,Peshawar,242.775,µg/m³,4
2025-12-09 21:00:00+00:00,Peshawar,208.0,µg/m³,4
2025-12-09 22:00:00+00:00,Peshawar,153.525,µg/m³,4
2025-12-09 23:00:00+00:00,Peshawar,197.0,µg/m³,3
2025-12-10 00:00:00+00:00,Peshawar,170.0,µg/m³,3
2025-12-10 01:00:00+00:00,Peshawar,153.0,µg/m³,3
2025-12-10 02:00:00+00:00,Peshawar,178.33333333333334,µg/m³,3
2025-12-10 03:00:00+00:00,Peshawar,165.15,µg/m³,2
2025-12-10 04:00:00+00:00,Peshawar,184.7,µg/m³,2
2025-12-10 05:00:00+00:00,Peshawar,147.4,µg/m³,2
2025-12-10 06:00:00+00:00,Peshawar,94.06666666666666,µg/m³,3
2025-12-10 07:00:00+00:00,Peshawar,103.86666666666667,µg/m³,3
2025-12-10 08:00:00+00:00,Peshawar,105.8,µg/m³,3
2025-12-10 09:00:00+00:00,Peshawar,104.89999999999999,µg/m³,3
2025-12-10 10:00:00+00:00,Peshawar,99.76666666666667,µg/m³,3
2025-12-10 11:00:00+00:00,Peshawar,122.63333333333333,µg/m³,3
2025-12-10 12:00:00+00:00,Peshawar,171.86666666666667,µg/m³,3
2025-12-10 13:00:00+00:00,Peshawar,168.95,µg/m³,2
2025-12-10 14:00:00+00:00,Peshawar,214.95,µg/m³,2
2025-12-10 15:00:00+00:00,Peshawar,229.75,µg/m³,2
2025-12-10 16:00:00+00:00,Peshawar,228.05,µg/m³,2
2025-12-10 17:00:00+00:00,Peshawar,240.85,µg/m³,2
2025-12-10 18:00:00+00:00,Peshawar,273.475,µg/m³,4
2025-12-10 19:00:00+00:00,Peshawar,253.625,µg/m³,4
2025-12-10 20:00:00+00:00,Peshawar,189.775,µg/m³,4
2025-12-10 21:00:00+00:00,Peshawar,147.5,µg/m³,4
2025-12-10 22:00:00+00:00,Peshawar,121.225,µg/m³,4
2025-12-10 23:00:00+00:00,Peshawar,125.1,µg/m³,4
2025-12-11 00:00:00+00:00,Peshawar,159.9,µg/m³,4
2025-12-11 01:00:00+00:00,Peshawar,173.625,µg/m³,4
2025-12-11 02:00:00+00:00,Peshawar,159.3,µg/m³,2
2025-12-11 03:00:00+00:00,Peshawar,187.75,µg/m³,2
2025-12-11 04:00:00+00:00,Peshawar,209.05,µg/m³,2
2025-12-11 05:00:00+00:00,Peshawar,186.0,µg/m³,2
2025-12-11 06:00:00+00:00,Peshawar,169.4,µg/m³,2
2025-12-11 07:00:00+00:00,Peshawar,184.6,µg/m³,4
2025-12-11 08:00:00+00:00,Peshawar,160.975,µg/m³,4
2025-12-11 09:00:00+00:00,Peshawar,169.625,µg/m³,4
2025-12-11 10:00:00+00:00,Peshawar,172.65,µg/m³,4
2025-12-11 11:00:00+00:00,Peshawar,198.65,µg/m³,4
2025-12-11 12:00:00+00:00,Peshawar,234.525,µg/m³,4
2025-12-11 13:00:00+00:00,Peshawar,263.425,µg/m³,4
2025-12-11 14:00:00+00:00,Peshawar,283.0,µg/m³,1
2025-12-11 15:00:00+00:00,Peshawar,243.1,µg/m³,2
2025-12-11 16:00:00+00:00,Peshawar,271.25,µg/m³,2
2025-12-11 17:00:00+00:00,Peshawar,247.15,µg/m³,2
2025-12-11 18:00:00+00:00,Peshawar,275.025,µg/m³,4
2025-12-11 19:00:00+00:00,Peshawar,286.275,µg/m³,4
2025-12-11 20:00:00+00:00,Peshawar,265.2,µg/m³,4
2025-12-11 21:00:00+00:00,Peshawar,255.625,µg/m³,4
2025-12-11 22:00:00+00:00,Peshawar,243.25,µg/m³,4
2025-12-11 23:00:00+00:00,Peshawar,245.33333333333334,µg/m³,3
2025-12-12 00:00:00+00:00,Peshawar,184.425,µg/m³,4
2025-12-12 01:00:00+00:00,Peshawar,106.0,µg/m³,1
2025-12-12 02:00:00+00:00,Peshawar,185.0,µg/m³,1
2025-12-12 03:00:00+00:00,Peshawar,184.8,µg/m³,2
2025-12-12 04:00:00+00:00,Peshawar,211.25,µg/m³,2
2025-12-12 05:00:00+00:00,Peshawar,203.4,µg/m³,2
2025-12-12 06:00:00+00:00,Peshawar,199.9,µg/m³,2
2025-12-12 07:00:00+00:00,Peshawar,205.45,µg/m³,2
2025-12-12 08:00:00+00:00,Peshawar,220.9,µg/m³,2
2025-12-12 09:00:00+00:00,Peshawar,204.6,µg/m³,2
2025-12-12 10:00:00+00:00,Peshawar,184.85,µg/m³,2
2025-12-12 11:00:00+00:00,Peshawar,193.3,µg/m³,2
2025-12-12 12:00:00+00:00,Peshawar,236.55,µg/m³,2
2025-12-12 13:00:00+00:00,Peshawar,264.35,µg/m³,2
2025-12-12 14:00:00+00:00,Peshawar,353.0,µg/m³,1
2025-12-12 15:00:00+00:00,Peshawar,294.75,µg/m³,2
2025-12-12 16:00:00+00:00,Peshawar,296.15,µg/m³,2
2025-12-12 17:00:00+00:00,Peshawar,328.7,µg/m³,2
2025-12-12 18:00:00+00:00,Peshawar,315.1,µg/m³,2
2025-12-12 19:00:00+00:00,Peshawar,303.2,µg/m³,2
2025-12-12 20:00:00+00:00,Peshawar,215.2,µg/m³,1
2025-12-12 21:00:00+00:00,Peshawar,180.3,µg/m³,2
2025-12-12 22:00:00+00:00,Peshawar,182.14999999999998,µg/m³,2
2025-12-12 23:00:00+00:00,Peshawar,153.0,µg/m³,1
2025-12-13 00:00:00+00:00,Peshawar,254.95,µg/m³,2
2025-12-13 01:00:00+00:00,Peshawar,248.45,µg/m³,2
2025-12-13 02:00:00+00:00,Peshawar,229.1,µg/m³,2
2025-12-13 03:00:00+00:00,Peshawar,239.75,µg/m³,2
2025-12-13 04:00:00+00:00,Peshawar,268.25,µg/m³,2
2025-12-13 05:00:00+00:00,Peshawar,264.75,µg/m³,2
2025-12-13 06:00:00+00:00,Peshawar,268.2,µg/m³,2
2025-12-13 07:00:00+00:00,Peshawar,247.9,µg/m³,2
2025-12-13 08:00:00+00:00,Peshawar,223.95,µg/m³,2
2025-12-13 09:00:00+00:00,Peshawar,237.8,µg/m³,2
2025-12-13 10:00:00+00:00,Peshawar,218.9,µg/m³,2
2025-12-13 11:00:00+00:00,Peshawar,232.0,µg/m³,2
2025-12-13 12:00:00+00:00,Peshawar,324.0,µg/m³,1
2025-12-13 13:00:00+00:00,Peshawar,382.0,µg/m³,1
2025-12-13 14:00:00+00:00,Peshawar,347.05,µg/m³,2
2025-12-13 15:00:00+00:00,Peshawar,318.9,µg/m³,1
2025-12-13 17:00:00+00:00,Peshawar,320.9,µg/m³,1
2025-12-13 18:00:00+00:00,Peshawar,283.8,µg/m³,1
2025-12-13 19:00:00+00:00,Peshawar,254.6,µg/m³,1
2025-12-13 20:00:00+00:00,Peshawar,197.15,µg/m³,2
2025-12-13 21:00:00+00:00,Peshawar,191.3,µg/m³,2
2025-12-13 22:00:00+00:00,Peshawar,178.5,µg/m³,2
2025-12-13 23:00:00+00:00,Peshawar,165.9,µg/m³,1
2025-12-14 00:00:00+00:00,Peshawar,183.1,µg/m³,1
2025-12-14 01:00:00+00:00,Peshawar,219.35,µg/m³,2
2025-12-14 02:00:00+00:00,Peshawar,208.4,µg/m³,2
2025-12-14 03:00:00+00:00,Peshawar,208.45,µg/m³,2
2025-12-14 04:00:00+00:00,Peshawar,264.35,µg/m³,2
2025-12-14 05:00:00+00:00,Peshawar,221.3,µg/m³,2
2025-12-14 06:00:00+00:00,Peshawar,323.0,µg/m³,1
2025-12-14 07:00:00+00:00,Peshawar,231.05,µg/m³,2
2025-12-14 08:00:00+00:00,Peshawar,232.8,µg/m³,2
2025-12-14 09:00:00+00:00,Peshawar,214.1,µg/m³,2
2025-12-14 10:00:00+00:00,Peshawar,212.45,µg/m³,2
2025-12-14 11:00:00+00:00,Peshawar,136.6,µg/m³,1
2025-12-14 12:00:00+00:00,Peshawar,388.0,µg/m³,1
2025-12-14 13:00:00+00:00,Peshawar,382.0,µg/m³,1
2025-12-14 14:00:00+00:00,Peshawar,287.5,µg/m³,2
2025-12-14 15:00:00+00:00,Peshawar,262.0,µg/m³,2
2025-12-14 16:00:00+00:00,Peshawar,266.7,µg/m³,2
2025-12-14 17:00:00+00:00,Peshawar,315.95,µg/m³,2
2025-12-14 18:00:00+00:00,Peshawar,303.45,µg/m³,2
2025-12-14 19:00:00+00:00,Peshawar,290.55,µg/m³,2
2025-12-14 20:00:00+00:00,Peshawar,298.7,µg/m³,2
2025-12-14 21:00:00+00:00,Peshawar,226.6,µg/m³,1
2025-12-14 22:00:00+00:00,Peshawar,174.35000000000002,µg/m³,2
2025-12-14 23:00:00+00:00,Peshawar,196.9,µg/m³,1
2025-12-15 00:00:00+00:00,Peshawar,187.3,µg/m³,1
2025-12-15 01:00:00+00:00,Peshawar,134.5,µg/m³,1
2025-12-15 02:00:00+00:00,Peshawar,126.95,µg/m³,2
2025-12-15 03:00:00+00:00,Peshawar,243.45,µg/m³,2
2025-12-15 04:00:00+00:00,Peshawar,238.4,µg/m³,2
2025-12-15 05:00:00+00:00,Peshawar,267.95,µg/m³,2
2025-12-15 06:00:00+00:00,Peshawar,236.35,µg/m³,2
2025-12-15 07:00:00+00:00,Peshawar,214.65,µg/m³,2
2025-12-15 08:00:00+00:00,Peshawar,171.7,µg/m³,2
2025-12-15 09:00:00+00:00,Peshawar,135.45,µg/m³,2
2025-12-15 10:00:00+00:00,Peshawar,132.15,µg/m³,2
2025-12-15 11:00:00+00:00,Peshawar,176.7,µg/m³,2
2025-12-15 12:00:00+00:00,Peshawar,218.75,µg/m³,2
2025-12-15 13:00:00+00:00,Peshawar,259.4,µg/m³,2
2025-12-15 14:00:00+00:00,Peshawar,301.05,µg/m³,2
2025-12-15 15:00:00+00:00,Peshawar,307.6,µg/m³,2
2025-12-15 16:00:00+00:00,Peshawar,295.85,µg/m³,2
2025-12-15 17:00:00+00:00,Peshawar,270.4,µg/m³,2
2025-12-15 18:00:00+00:00,Peshawar,286.6,µg/m³,2
2025-12-15 19:00:00+00:00,Peshawar,258.05,µg/m³,2
2025-12-15 20:00:00+00:00,Peshawar,244.1,µg/m³,2
2025-12-15 21:00:00+00:00,Peshawar,238.05,µg/m³,2
2025-12-15 22:00:00+00:00,Peshawar,237.75,µg/m³,2
2025-12-15 23:00:00+00:00,Peshawar,219.45,µg/m³,2
2025-12-16 00:00:00+00:00,Peshawar,252.0,µg/m³,1
2025-12-16 01:00:00+00:00,Peshawar,181.5,µg/m³,2
2025-12-16 02:00:00+00:00,Peshawar,189.1,µg/m³,2
2025-12-16 03:00:00+00:00,Peshawar,214.45,µg/m³,2
2025-12-16 04:00:00+00:00,Peshawar,240.7,µg/m³,2
2025-12-16 05:00:00+00:00,Peshawar,254.05,µg/m³,2
2025-12-16 06:00:00+00:00,Peshawar,254.4,µg/m³,2
2025-12-16 07:00:00+00:00,Peshawar,238.15,µg/m³,2
2025-12-16 08:00:00+00:00,Peshawar,158.35,µg/m³,2
2025-12-16 09:00:00+00:00,Peshawar,150.1,µg/m³,2
2025-12-16 10:00:00+00:00,Peshawar,150.3,µg/m³,2
2025-12-16 11:00:00+00:00,Peshawar,127.7,µg/m³,2
2025-12-16 12:00:00+00:00,Peshawar,137.35,µg/m³,2
2025-12-16 13:00:00+00:00,Peshawar,190.8,µg/m³,2
2025-12-16 14:00:00+00:00,Peshawar,206.05,µg/m³,2
2025-12-16 15:00:00+00:00,Peshawar,239.55,µg/m³,2
2025-12-16 16:00:00+00:00,Peshawar,286.0,µg/m³,1
2025-12-16 17:00:00+00:00,Peshawar,254.25,µg/m³,2
2025-12-16 18:00:00+00:00,Peshawar,256.85,µg/m³,2
2025-12-16 19:00:00+00:00,Peshawar,251.7,µg/m³,2
2025-12-16 20:00:00+00:00,Peshawar,258.45,µg/m³,2
2025-12-16 21:00:00+00:00,Peshawar,241.4,µg/m³,2
2025-12-16 22:00:00+00:00,Peshawar,247.8,µg/m³,2
2025-12-16 23:00:00+00:00,Peshawar,254.6,µg/m³,2
2025-12-17 00:00:00+00:00,Peshawar,257.9,µg/m³,2
2025-12-17 01:00:00+00:00,Peshawar,188.2,µg/m³,1
2025-12-17 02:00:00+00:00,Peshawar,185.5,µg/m³,1
2025-12-17 03:00:00+00:00,Peshawar,251.55,µg/m³,2
2025-12-17 04:00:00+00:00,Peshawar,273.45,µg/m³,2
2025-12-17 05:00:00+00:00,Peshawar,296.8,µg/m³,2
2025-12-17 06:00:00+00:00,Peshawar,299.85,µg/m³,2
2025-12-17 07:00:00+00:00,Peshawar,267.3,µg/m³,2
2025-12-17 08:00:00+00:00,Peshawar,226.25,µg/m³,2
2025-12-17 09:00:00+00:00,Peshawar,213.25,µg/m³,2
2025-12-17 10:00:00+00:00,Peshawar,199.8,µg/m³,2
2025-12-17 11:00:00+00:00,Peshawar,213.45,µg/m³,2
2025-12-17 12:00:00+00:00,Peshawar,273.7,µg/m³,2
2025-12-17 13:00:00+00:00,Peshawar,435.0,µg/m³,1
2025-12-17 14:00:00+00:00,Peshawar,401.0,µg/m³,1
2025-12-17 15:00:00+00:00,Peshawar,439.0,µg/m³,1
2025-12-17 16:00:00+00:00,Peshawar,467.0,µg/m³,1
2025-12-17 17:00:00+00:00,Peshawar,453.0,µg/m³,1
2025-12-17 18:00:00+00:00,Peshawar,443.0,µg/m³,1
2025-12-17 19:00:00+00:00,Peshawar,368.25,µg/m³,2
2025-12-17 20:00:00+00:00,Peshawar,353.4,µg/m³,2
2025-12-17 21:00:00+00:00,Peshawar,334.0,µg/m³,2
2025-12-17 22:00:00+00:00,Peshawar,296.65,µg/m³,2
2025-12-17 23:00:00+00:00,Peshawar,339.0,µg/m³,1
2025-12-18 00:00:00+00:00,Peshawar,322.0,µg/m³,1
2025-12-18 01:00:00+00:00,Peshawar,192.5,µg/m³,1
2025-12-18 02:00:00+00:00,Peshawar,251.7,µg/m³,2
2025-12-18 03:00:00+00:00,Peshawar,254.45,µg/m³,2
2025-12-18 04:00:00+00:00,Peshawar,245.95,µg/m³,2
2025-12-18 05:00:00+00:00,Peshawar,260.0,µg/m³,2
2025-12-18 06:00:00+00:00,Peshawar,287.2,µg/m³,2
2025-12-18 07:00:00+00:00,Peshawar,286.65,µg/m³,2
2025-12-18 08:00:00+00:00,Peshawar,253.45,µg/m³,2
2025-12-18 09:00:00+00:00,Peshawar,279.45,µg/m³,2
2025-12-18 10:00:00+00:00,Peshawar,283.7,µg/m³,2
2025-12-18 11:00:00+00:00,Peshawar,300.15,µg/m³,2
2025-12-18 12:00:00+00:00,Peshawar,319.35,µg/m³,2
2025-12-18 13:00:00+00:00,Peshawar,345.5,µg/m³,2
2025-12-18 14:00:00+00:00,Peshawar,358.6,µg/m³,2
2025-12-18 15:00:00+00:00,Peshawar,360.4,µg/m³,2
2025-12-18 16:00:00+00:00,Peshawar,444.0,µg/m³,1
2025-12-18 17:00:00+00:00,Peshawar,348.15,µg/m³,2
2025-12-18 18:00:00+00:00,Peshawar,284.9,µg/m³,2
2025-12-18 19:00:00+00:00,Peshawar,229.05,µg/m³,2
2025-12-18 20:00:00+00:00,Peshawar,203.0,µg/m³,2
2025-12-18 21:00:00+00:00,Peshawar,161.0,µg/m³,1
2025-12-18 22:00:00+00:00,Peshawar,143.0,µg/m³,1
2025-12-18 23:00:00+00:00,Peshawar,133.0,µg/m³,1
2025-12-19 00:00:00+00:00,Peshawar,134.0,µg/m³,1
2025-12-19 01:00:00+00:00,Peshawar,191.6,µg/m³,2
2025-12-19 02:00:00+00:00,Peshawar,204.8,µg/m³,2
2025-12-19 03:00:00+00:00,Peshawar,192.5,µg/m³,2
2025-12-19 04:00:00+00:00,Peshawar,257.35,µg/m³,2
2025-12-19 05:00:00+00:00,Peshawar,286.0,µg/m³,1
2025-12-19 06:00:00+00:00,Peshawar,274.7,µg/m³,2
2025-12-19 07:00:00+00:00,Peshawar,246.05,µg/m³,2
2025-12-19 08:00:00+00:00,Peshawar,154.35,µg/m³,2
2025-12-19 09:00:00+00:00,Peshawar,100.0,µg/m³,2
2025-12-19 10:00:00+00:00,Peshawar,198.3,µg/m³,2
2025-12-19 11:00:00+00:00,Peshawar,118.6,µg/m³,1
2025-12-19 12:00:00+00:00,Peshawar,231.9,µg/m³,2
2025-12-19 13:00:00+00:00,Peshawar,256.75,µg/m³,2
2025-12-19 14:00:00+00:00,Peshawar,427.0,µg/m³,1
2025-12-19 15:00:00+00:00,Peshawar,341.8,µg/m³,2
2025-12-19 16:00:00+00:00,Peshawar,411.0,µg/m³,1
2025-12-19 17:00:00+00:00,Peshawar,396.0,µg/m³,1
2025-12-19 18:00:00+00:00,Peshawar,404.0,µg/m³,1
2025-12-19 19:00:00+00:00,Peshawar,410.0,µg/m³,1
2025-12-19 20:00:00+00:00,Peshawar,390.0,µg/m³,1
2025-12-19 21:00:00+00:00,Peshawar,370.0,µg/m³,1
2025-12-20 02:00:00+00:00,Peshawar,150.4,µg/m³,1
2025-12-20 03:00:00+00:00,Peshawar,348.0,µg/m³,1
2025-12-20 04:00:00+00:00,Peshawar,389.0,µg/m³,1
2025-12-20 05:00:00+00:00,Peshawar,305.85,µg/m³,2
2025-12-20 06:00:00+00:00,Peshawar,330.35,µg/m³,2
2025-12-20 07:00:00+00:00,Peshawar,387.0,µg/m³,1
2025-12-20 08:00:00+00:00,Peshawar,296.2,µg/m³,2
2025-12-20 09:00:00+00:00,Peshawar,414.0,µg/m³,1
2025-12-20 10:00:00+00:00,Peshawar,306.3,µg/m³,2
2025-12-20 11:00:00+00:00,Peshawar,329.1,µg/m³,2
2025-12-20 12:00:00+00:00,Peshawar,345.5,µg/m³,2
2025-12-20 13:00:00+00:00,Peshawar,366.7,µg/m³,2
2025-12-20 14:00:00+00:00,Peshawar,366.3,µg/m³,2
2025-12-20 15:00:00+00:00,Peshawar,374.1,µg/m³,2
2025-12-20 16:00:00+00:00,Peshawar,378.0,µg/m³,2
2025-12-20 17:00:00+00:00,Peshawar,415.3,µg/m³,2
2025-12-20 18:00:00+00:00,Peshawar,360.4,µg/m³,2
2025-12-20 19:00:00+00:00,Peshawar,296.2,µg/m³,1
2025-12-20 20:00:00+00:00,Peshawar,249.05,µg/m³,2
2025-12-20 21:00:00+00:00,Peshawar,284.3,µg/m³,1
2025-12-20 22:00:00+00:00,Peshawar,273.9,µg/m³,2
2025-12-21 00:00:00+00:00,Peshawar,232.85,µg/m³,2
2025-12-21 01:00:00+00:00,Peshawar,215.95,µg/m³,2
2025-12-21 02:00:00+00:00,Peshawar,225.0,µg/m³,2
2025-12-21 03:00:00+00:00,Peshawar,152.2,µg/m³,1
2025-12-21 04:00:00+00:00,Peshawar,131.1,µg/m³,1
2025-12-21 05:00:00+00:00,Peshawar,198.3,µg/m³,1
2025-12-21 06:00:00+00:00,Peshawar,257.8,µg/m³,2
2025-12-21 07:00:00+00:00,Peshawar,229.0,µg/m³,1
2025-12-21 08:00:00+00:00,Peshawar,192.0,µg/m³,1
2025-12-21 09:00:00+00:00,Peshawar,193.0,µg/m³,1
2025-12-21 10:00:00+00:00,Peshawar,114.3,µg/m³,2
2025-12-21 11:00:00+00:00,Peshawar,119.0,µg/m³,2
2025-12-21 12:00:00+00:00,Peshawar,121.75,µg/m³,2
2025-12-21 13:00:00+00:00,Peshawar,124.15,µg/m³,2
2025-12-21 14:00:00+00:00,Peshawar,79.5,µg/m³,1
2025-12-21 15:00:00+00:00,Peshawar,79.3,µg/m³,1
2025-12-21 17:00:00+00:00,Peshawar,141.5,µg/m³,1
2025-12-21 18:00:00+00:00,Peshawar,117.85000000000001,µg/m³,2
2025-12-21 19:00:00+00:00,Peshawar,145.2,µg/m³,1
2025-12-21 20:00:00+00:00,Peshawar,63.45,µg/m³,2
2025-12-21 21:00:00+00:00,Peshawar,51.7,µg/m³,1
2025-12-21 22:00:00+00:00,Peshawar,38.75,µg/m³,2
2025-12-21 23:00:00+00:00,Peshawar,35.2,µg/m³,1
2025-12-22 00:00:00+00:00,Peshawar,51.85,µg/m³,2
2025-12-22 01:00:00+00:00,Peshawar,40.05,µg/m³,2
2025-12-22 02:00:00+00:00,Peshawar,48.7,µg/m³,2
2025-12-22 03:00:00+00:00,Peshawar,39.1,µg/m³,1
2025-12-22 04:00:00+00:00,Peshawar,66.55,µg/m³,2
2025-12-22 05:00:00+00:00,Peshawar,79.2,µg/m³,2
2025-12-22 06:00:00+00:00,Peshawar,60.25,µg/m³,2
2025-12-22 07:00:00+00:00,Peshawar,53.2,µg/m³,2
2025-12-22 08:00:00+00:00,Peshawar,50.55,µg/m³,2
2025-12-22 09:00:00+00:00,Peshawar,49.4,µg/m³,2
2025-12-22 10:00:00+00:00,Peshawar,36.85,µg/m³,2
2025-12-22 11:00:00+00:00,Peshawar,53.0,µg/m³,2
2025-12-22 12:00:00+00:00,Peshawar,60.45,µg/m³,2
2025-12-22 14:00:00+00:00,Peshawar,29.4,µg/m³,1
2025-12-22 15:00:00+00:00,Peshawar,39.9,µg/m³,1
2025-12-22 16:00:00+00:00,Peshawar,48.35,µg/m³,2
2025-12-22 17:00:00+00:00,Peshawar,62.1,µg/m³,1
2025-12-22 18:00:00+00:00,Peshawar,51.65,µg/m³,2
2025-12-22 19:00:00+00:00,Peshawar,47.150000000000006,µg/m³,2
2025-12-22 20:00:00+00:00,Peshawar,40.900000000000006,µg/m³,2
2025-12-22 21:00:00+00:00,Peshawar,38.0,µg/m³,2
2025-12-22 22:00:00+00:00,Peshawar,32.4,µg/m³,2
2025-12-22 23:00:00+00:00,Peshawar,24.0,µg/m³,1
2025-12-23 00:00:00+00:00,Peshawar,35.349999999999994,µg/m³,2
2025-12-23 01:00:00+00:00,Peshawar,36.7,µg/m³,2
2025-12-23 02:00:00+00:00,Peshawar,38.65,µg/m³,2
2025-12-23 03:00:00+00:00,Peshawar,106.05,µg/m³,2
2025-12-23 04:00:00+00:00,Peshawar,97.75,µg/m³,2
2025-12-23 05:00:00+00:00,Peshawar,54.2,µg/m³,1
2025-12-23 06:00:00+00:00,Peshawar,43.8,µg/m³,2
2025-12-23 07:00:00+00:00,Peshawar,43.7,µg/m³,2
2025-12-23 08:00:00+00:00,Peshawar,39.2,µg/m³,2
2025-12-23 09:00:00+00:00,Peshawar,36.35,µg/m³,2
2025-12-23 10:00:00+00:00,Peshawar,29.5,µg/m³,2
2025-12-23 11:00:00+00:00,Peshawar,25.05,µg/m³,2
2025-12-23 12:00:00+00:00,Peshawar,40.35,µg/m³,2
2025-12-23 13:00:00+00:00,Peshawar,37.15,µg/m³,2
2025-12-23 14:00:00+00:00,Peshawar,32.75,µg/m³,2
2025-12-23 15:00:00+00:00,Peshawar,78.6,µg/m³,2
2025-12-23 16:00:00+00:00,Peshawar,90.8,µg/m³,2
2025-12-23 17:00:00+00:00,Peshawar,88.05,µg/m³,2
2025-12-23 18:00:00+00:00,Peshawar,80.15,µg/m³,2
2025-12-23 19:00:00+00:00,Peshawar,89.1,µg/m³,2
2025-12-23 20:00:00+00:00,Peshawar,62.8,µg/m³,2
2025-12-23 21:00:00+00:00,Peshawar,71.45,µg/m³,2
2025-12-23 22:00:00+00:00,Peshawar,64.75,µg/m³,2
2025-12-23 23:00:00+00:00,Peshawar,55.7,µg/m³,2
2025-12-24 00:00:00+00:00,Peshawar,67.55,µg/m³,2
2025-12-24 01:00:00+00:00,Peshawar,72.6,µg/m³,2
2025-12-24 02:00:00+00:00,Peshawar,87.05,µg/m³,2
2025-12-24 03:00:00+00:00,Peshawar,111.55,µg/m³,2
2025-12-24 04:00:00+00:00,Peshawar,94.3,µg/m³,2
2025-12-24 05:00:00+00:00,Peshawar,66.45,µg/m³,2
2025-12-24 06:00:00+00:00,Peshawar,83.0,µg/m³,1
2025-12-24 07:00:00+00:00,Peshawar,68.0,µg/m³,1
2025-12-24 08:00:00+00:00,Peshawar,65.0,µg/m³,1
2025-12-24 09:00:00+00:00,Peshawar,46.4,µg/m³,2
2025-12-24 10:00:00+00:00,Peshawar,47.2,µg/m³,2
2025-12-24 11:00:00+00:00,Peshawar,53.15,µg/m³,2
2025-12-24 12:00:00+00:00,Peshawar,61.6,µg/m³,1
2025-12-24 13:00:00+00:00,Peshawar,170.0,µg/m³,2
2025-12-24 14:00:00+00:00,Peshawar,178.0,µg/m³,1
2025-12-24 15:00:00+00:00,Peshawar,171.45,µg/m³,2
2025-12-24 16:00:00+00:00,Peshawar,230.0,µg/m³,1
2025-12-24 17:00:00+00:00,Peshawar,163.55,µg/m³,2
2025-12-24 18:00:00+00:00,Peshawar,126.1,µg/m³,2
2025-12-24 19:00:00+00:00,Peshawar,117.7,µg/m³,2
2025-12-24 20:00:00+00:00,Peshawar,91.0,µg/m³,2
2025-12-24 21:00:00+00:00,Peshawar,84.75,µg/m³,2
2025-12-24 22:00:00+00:00,Peshawar,64.4,µg/m³,2
2025-12-24 23:00:00+00:00,Peshawar,64.0,µg/m³,1
2025-12-25 00:00:00+00:00,Peshawar,61.15,µg/m³,2
2025-12-25 01:00:00+00:00,Peshawar,67.25,µg/m³,2
2025-12-25 02:00:00+00:00,Peshawar,92.1,µg/m³,2
2025-12-25 03:00:00+00:00,Peshawar,144.15,µg/m³,2
2025-12-25 04:00:00+00:00,Peshawar,179.65,µg/m³,2
2025-12-25 05:00:00+00:00,Peshawar,161.85,µg/m³,2
2025-12-25 06:00:00+00:00,Peshawar,76.5,µg/m³,2
2025-12-25 07:00:00+00:00,Peshawar,69.25,µg/m³,2
2025-12-25 08:00:00+00:00,Peshawar,68.65,µg/m³,2
2025-12-25 09:00:00+00:00,Peshawar,46.5,µg/m³,2
2025-12-25 10:00:00+00:00,Peshawar,37.25,µg/m³,2
2025-12-25 11:00:00+00:00,Peshawar,82.45,µg/m³,2
2025-12-25 12:00:00+00:00,Peshawar,94.5,µg/m³,2
2025-12-25 13:00:00+00:00,Peshawar,141.9,µg/m³,2
2025-12-25 14:00:00+00:00,Peshawar,174.45,µg/m³,2
2025-12-25 15:00:00+00:00,Peshawar,181.4,µg/m³,2
2025-12-25 16:00:00+00:00,Peshawar,199.7,µg/m³,2
2025-12-25 17:00:00+00:00,Peshawar,208.4,µg/m³,2
2025-12-25 18:00:00+00:00,Peshawar,156.6,µg/m³,2
2025-12-25 19:00:00+00:00,Peshawar,142.15,µg/m³,2
2025-12-25 20:00:00+00:00,Peshawar,133.6,µg/m³,2
2025-12-25 21:00:00+00:00,Peshawar,134.55,µg/m³,2
2025-12-25 22:00:00+00:00,Peshawar,136.5,µg/m³,2
2025-12-25 23:00:00+00:00,Peshawar,175.0,µg/m³,1
2025-12-26 00:00:00+00:00,Peshawar,136.85,µg/m³,2
2025-12-26 01:00:00+00:00,Peshawar,103.25,µg/m³,2
2025-12-26 02:00:00+00:00,Peshawar,108.05,µg/m³,2
2025-12-26 03:00:00+00:00,Peshawar,135.05,µg/m³,2
2025-12-26 04:00:00+00:00,Peshawar,152.2,µg/m³,2
2025-12-26 05:00:00+00:00,Peshawar,120.0,µg/m³,1
2025-12-26 06:00:00+00:00,Peshawar,134.0,µg/m³,1
2025-12-26 07:00:00+00:00,Peshawar,114.0,µg/m³,1
2025-12-26 08:00:00+00:00,Peshawar,103.0,µg/m³,1
2025-12-26 09:00:00+00:00,Peshawar,100.0,µg/m³,1
2025-12-26 10:00:00+00:00,Peshawar,75.0,µg/m³,1
2025-12-26 11:00:00+00:00,Peshawar,86.0,µg/m³,1
2025-12-26 12:00:00+00:00,Peshawar,105.75,µg/m³,2
2025-12-26 13:00:00+00:00,Peshawar,179.0,µg/m³,1
2025-12-26 14:00:00+00:00,Peshawar,180.85,µg/m³,2
2025-12-26 15:00:00+00:00,Peshawar,191.35,µg/m³,2
2025-12-26 16:00:00+00:00,Peshawar,190.0,µg/m³,1
2025-12-26 17:00:00+00:00,Peshawar,146.45,µg/m³,2
2025-12-26 18:00:00+00:00,Peshawar,130.85,µg/m³,2
2025-12-26 19:00:00+00:00,Peshawar,106.9,µg/m³,2
2025-12-26 20:00:00+00:00,Peshawar,81.45,µg/m³,2
2025-12-26 21:00:00+00:00,Peshawar,62.3,µg/m³,2
2025-12-26 22:00:00+00:00,Peshawar,54.3,µg/m³,2
2025-12-26 23:00:00+00:00,Peshawar,70.0,µg/m³,1
2025-12-27 00:00:00+00:00,Peshawar,71.0,µg/m³,2
2025-12-27 01:00:00+00:00,Peshawar,88.2,µg/m³,2
2025-12-27 02:00:00+00:00,Peshawar,97.95,µg/m³,2
2025-12-27 03:00:00+00:00,Peshawar,137.95,µg/m³,2
2025-12-27 04:00:00+00:00,Peshawar,198.65,µg/m³,2
2025-12-27 05:00:00+00:00,Peshawar,170.85,µg/m³,2
2025-12-27 06:00:00+00:00,Peshawar,188.0,µg/m³,1
2025-12-27 07:00:00+00:00,Peshawar,93.9,µg/m³,2
2025-12-27 08:00:00+00:00,Peshawar,47.05,µg/m³,2
2025-12-27 09:00:00+00:00,Peshawar,36.85,µg/m³,2
2025-12-27 10:00:00+00:00,Peshawar,48.1,µg/m³,2
2025-12-27 11:00:00+00:00,Peshawar,60.05,µg/m³,2
2025-12-27 12:00:00+00:00,Peshawar,92.9,µg/m³,2
2025-12-27 13:00:00+00:00,Peshawar,125.85,µg/m³,2
2025-12-27 14:00:00+00:00,Peshawar,163.5,µg/m³,2
2025-12-27 15:00:00+00:00,Peshawar,181.5,µg/m³,2
2025-12-27 16:00:00+00:00,Peshawar,193.5,µg/m³,2
2025-12-27 17:00:00+00:00,Peshawar,217.95,µg/m³,2
2025-12-27 18:00:00+00:00,Peshawar,188.75,µg/m³,2
2025-12-27 19:00:00+00:00,Peshawar,196.8,µg/m³,2
2025-12-27 20:00:00+00:00,Peshawar,180.65,µg/m³,2
2025-12-27 21:00:00+00:00,Peshawar,140.65,µg/m³,2
2025-12-27 22:00:00+00:00,Peshawar,96.1,µg/m³,2
2025-12-27 23:00:00+00:00,Peshawar,119.0,µg/m³,1
2025-12-28 00:00:00+00:00,Peshawar,112.0,µg/m³,2
2025-12-28 01:00:00+00:00,Peshawar,100.55,µg/m³,2
2025-12-28 02:00:00+00:00,Peshawar,162.95,µg/m³,2
2025-12-28 03:00:00+00:00,Peshawar,252.0,µg/m³,1
2025-12-28 04:00:00+00:00,Peshawar,209.0,µg/m³,2
2025-12-28 05:00:00+00:00,Peshawar,230.8,µg/m³,2
2025-12-28 06:00:00+00:00,Peshawar,249.85,µg/m³,2
2025-12-28 07:00:00+00:00,Peshawar,230.65,µg/m³,2
2025-12-28 08:00:00+00:00,Peshawar,212.7,µg/m³,2
2025-12-28 09:00:00+00:00,Peshawar,220.3,µg/m³,2
2025-12-28 10:00:00+00:00,Peshawar,186.4,µg/m³,2
2025-12-28 11:00:00+00:00,Peshawar,202.15,µg/m³,2
2025-12-28 12:00:00+00:00,Peshawar,316.0,µg/m³,1
2025-12-28 13:00:00+00:00,Peshawar,307.7,µg/m³,2
2025-12-28 14:00:00+00:00,Peshawar,297.45,µg/m³,2
2025-12-28 15:00:00+00:00,Peshawar,318.3,µg/m³,2
2025-12-28 16:00:00+00:00,Peshawar,381.0,µg/m³,1
2025-12-28 17:00:00+00:00,Peshawar,299.45,µg/m³,2
2025-12-28 18:00:00+00:00,Peshawar,263.5,µg/m³,2
2025-12-28 19:00:00+00:00,Peshawar,231.5,µg/m³,2
2025-12-28 20:00:00+00:00,Peshawar,186.7,µg/m³,2
2025-12-28 21:00:00+00:00,Peshawar,186.0,µg/m³,2
2025-12-28 22:00:00+00:00,Peshawar,164.95,µg/m³,2
2025-12-28 23:00:00+00:00,Peshawar,146.4,µg/m³,2
2025-12-29 00:00:00+00:00,Peshawar,139.05,µg/m³,2
2025-12-29 01:00:00+00:00,Peshawar,170.5,µg/m³,2
2025-12-29 02:00:00+00:00,Peshawar,168.7,µg/m³,2
2025-12-29 03:00:00+00:00,Peshawar,202.65,µg/m³,2
2025-12-29 04:00:00+00:00,Peshawar,204.75,µg/m³,2
2025-12-29 05:00:00+00:00,Peshawar,222.8,µg/m³,2
2025-12-29 06:00:00+00:00,Peshawar,194.0,µg/m³,2
2025-12-29 07:00:00+00:00,Peshawar,164.75,µg/m³,2
2025-12-29 08:00:00+00:00,Peshawar,119.25,µg/m³,2
2025-12-29 09:00:00+00:00,Peshawar,103.65,µg/m³,2
2025-12-29 10:00:00+00:00,Peshawar,81.75,µg/m³,2
2025-12-29 11:00:00+00:00,Peshawar,86.85,µg/m³,2
2025-12-29 12:00:00+00:00,Peshawar,136.75,µg/m³,2
2025-12-29 13:00:00+00:00,Peshawar,161.25,µg/m³,2
2025-12-29 14:00:00+00:00,Peshawar,187.6,µg/m³,2
2025-12-29 15:00:00+00:00,Peshawar,173.4,µg/m³,2
2025-12-29 16:00:00+00:00,Peshawar,183.95,µg/m³,2
2025-12-29 17:00:00+00:00,Peshawar,212.65,µg/m³,2
2025-12-29 18:00:00+00:00,Peshawar,211.25,µg/m³,2
2025-12-29 19:00:00+00:00,Peshawar,211.25,µg/m³,2
2025-12-29 20:00:00+00:00,Peshawar,206.55,µg/m³,2
2025-12-29 21:00:00+00:00,Peshawar,210.75,µg/m³,2
2025-12-29 22:00:00+00:00,Peshawar,206.8,µg/m³,2
2025-12-29 23:00:00+00:00,Peshawar,197.2,µg/m³,2
2025-12-30 00:00:00+00:00,Peshawar,213.65,µg/m³,2
2025-12-30 01:00:00+00:00,Peshawar,205.55,µg/m³,2
2025-12-30 02:00:00+00:00,Peshawar,222.85,µg/m³,2
2025-12-30 03:00:00+00:00,Peshawar,256.7,µg/m³,2
2025-12-30 04:00:00+00:00,Peshawar,286.1,µg/m³,2
2025-12-30 05:00:00+00:00,Peshawar,168.9,µg/m³,1
2025-12-30 06:00:00+00:00,Peshawar,225.35,µg/m³,2
2025-12-30 07:00:00+00:00,Peshawar,211.7,µg/m³,2
2025-12-30 08:00:00+00:00,Peshawar,205.4,µg/m³,2
2025-12-30 09:00:00+00:00,Peshawar,209.4,µg/m³,2
2025-12-30 10:00:00+00:00,Peshawar,205.05,µg/m³,2
2025-12-30 11:00:00+00:00,Peshawar,132.9,µg/m³,1
2025-12-30 12:00:00+00:00,Peshawar,101.3,µg/m³,1
2025-12-30 13:00:00+00:00,Peshawar,102.5,µg/m³,1
2025-12-30 15:00:00+00:00,Peshawar,34.8,µg/m³,1
2025-12-30 16:00:00+00:00,Peshawar,35.6,µg/m³,1
2025-12-30 17:00:00+00:00,Peshawar,23.6,µg/m³,1
2025-12-30 18:00:00+00:00,Peshawar,21.0,µg/m³,1
2025-12-30 19:00:00+00:00,Peshawar,21.0,µg/m³,1
2025-12-30 20:00:00+00:00,Peshawar,21.45,µg/m³,2
2025-12-30 21:00:00+00:00,Peshawar,29.950000000000003,µg/m³,2
2025-12-30 22:00:00+00:00,Peshawar,24.6,µg/m³,2
2025-12-30 23:00:00+00:00,Peshawar,24.0,µg/m³,1
2025-12-31 00:00:00+00:00,Peshawar,20.25,µg/m³,2
2025-12-31 01:00:00+00:00,Peshawar,17.6,µg/m³,2
2025-12-31 02:00:00+00:00,Peshawar,33.7,µg/m³,2
2025-12-31 03:00:00+00:00,Peshawar,52.4,µg/m³,1
2025-12-31 04:00:00+00:00,Peshawar,70.0,µg/m³,1
2025-12-31 05:00:00+00:00,Peshawar,98.6,µg/m³,2
2025-12-31 06:00:00+00:00,Peshawar,59.1,µg/m³,1
2025-12-31 07:00:00+00:00,Peshawar,65.9,µg/m³,1
2025-12-31 08:00:00+00:00,Peshawar,116.25,µg/m³,2
2025-12-31 09:00:00+00:00,Peshawar,48.4,µg/m³,2
2025-12-31 10:00:00+00:00,Peshawar,46.55,µg/m³,2
2025-12-31 11:00:00+00:00,Peshawar,51.8,µg/m³,2
2025-12-31 12:00:00+00:00,Peshawar,45.7,µg/m³,2
2025-12-31 13:00:00+00:00,Peshawar,42.3,µg/m³,2
2025-12-31 14:00:00+00:00,Peshawar,31.45,µg/m³,2
2025-12-31 15:00:00+00:00,Peshawar,25.8,µg/m³,2
2025-12-31 16:00:00+00:00,Peshawar,22.1,µg/m³,2
2025-12-31 17:00:00+00:00,Peshawar,9.6,µg/m³,1
2025-12-31 18:00:00+00:00,Peshawar,10.899999999999999,µg/m³,2
2025-12-31 19:00:00+00:00,Peshawar,9.95,µg/m³,2
2025-12-31 20:00:00+00:00,Peshawar,8.850000000000001,µg/m³,2
2025-12-31 21:00:00+00:00,Peshawar,7.8,µg/m³,2
2025-12-31 22:00:00+00:00,Peshawar,7.25,µg/m³,2
2025-12-31 23:00:00+00:00,Peshawar,8.6,µg/m³,1
2026-01-01 00:00:00+00:00,Peshawar,13.55,µg/m³,2
2026-01-01 01:00:00+00:00,Peshawar,14.45,µg/m³,2
2026-01-01 02:00:00+00:00,Peshawar,15.75,µg/m³,2
2026-01-01 03:00:00+00:00,Peshawar,17.9,µg/m³,1
2026-01-01 04:00:00+00:00,Peshawar,31.8,µg/m³,1
2026-01-01 05:00:00+00:00,Peshawar,34.75,µg/m³,2
2026-01-01 06:00:00+00:00,Peshawar,24.05,µg/m³,2
2026-01-01 07:00:00+00:00,Peshawar,20.6,µg/m³,2
2026-01-01 08:00:00+00:00,Peshawar,17.1,µg/m³,2
2026-01-01 09:00:00+00:00,Peshawar,16.6,µg/m³,2
2026-01-01 10:00:00+00:00,Peshawar,17.05,µg/m³,2
2026-01-01 11:00:00+00:00,Peshawar,15.25,µg/m³,2
2026-01-01 12:00:00+00:00,Peshawar,42.0,µg/m³,1
2026-01-01 13:00:00+00:00,Peshawar,70.0,µg/m³,1
2026-01-01 14:00:00+00:00,Peshawar,65.25,µg/m³,2
2026-01-01 15:00:00+00:00,Peshawar,72.25,µg/m³,2
2026-01-01 17:00:00+00:00,Peshawar,106.64999999999999,µg/m³,2
2026-01-01 18:00:00+00:00,Peshawar,86.6,µg/m³,1
2026-01-01 19:00:00+00:00,Peshawar,65.95,µg/m³,2
2026-01-01 20:00:00+00:00,Peshawar,69.35,µg/m³,2
2026-01-01 21:00:00+00:00,Peshawar,46.2,µg/m³,2
2026-01-01 22:00:00+00:00,Peshawar,36.95,µg/m³,2
2026-01-02 00:00:00+00:00,Peshawar,31.25,µg/m³,2
2026-01-02 01:00:00+00:00,Peshawar,40.400000000000006,µg/m³,2
2026-01-02 02:00:00+00:00,Peshawar,44.95,µg/m³,2
2026-01-02 03:00:00+00:00,Peshawar,72.35,µg/m³,2
2026-01-02 04:00:00+00:00,Peshawar,107.1,µg/m³,2
2026-01-02 05:00:00+00:00,Peshawar,77.4,µg/m³,2
2026-01-02 06:00:00+00:00,Peshawar,60.75,µg/m³,2
2026-01-02 07:00:00+00:00,Peshawar,48.2,µg/m³,2
2026-01-02 08:00:00+00:00,Peshawar,38.8,µg/m³,2
2026-01-02 09:00:00+00:00,Peshawar,35.8,µg/m³,2
2026-01-02 10:00:00+00:00,Peshawar,25.7,µg/m³,2
2026-01-02 11:00:00+00:00,Peshawar,31.5,µg/m³,2
2026-01-02 12:00:00+00:00,Peshawar,42.75,µg/m³,2
2026-01-02 13:00:00+00:00,Peshawar,71.7,µg/m³,2
2026-01-02 14:00:00+00:00,Peshawar,107.05,µg/m³,2
